Name,Download Count
her,85
sqli,144
tine,187
async,190
syt,253
tyme,270
jbytes,297
sqld,299
libx,303
clak,313
limage,313
mite,316
toni,319
uren,320
kand,367
blog,371
enix,371
eyrie,379
ccs,380
fnv0,384
erde,390
baste64,398
phex,404
inix,406
coloured,416
rquote,425
matty,431
csz,443
vnotify,454
colorex,469
httx,469
tokin,474
murl,527
eserde,555
regexc,563
eserde_derive,564
tomo,566
zic,584
rconsole,587
termcolor2,615
sqlr,619
areq,634
lob,650
ubase64,663
ramon,668
aix,682
sdn,703
hose,710
flibc,722
ctoml,722
sqlm,725
logu,737
sh2,737
toil,753
bog,762
sqlex,779
rwhich,788
haste,791
tompl,799
bitflag,806
quickcheck2,806
fnn,807
hexd,829
d3rs,830
homey,835
ph4,844
dom,854
regexy,864
hax,873
sedre,874
nuo,881
libk,883
httt,885
jom,891
glou,892
glot,899
rpost,902
c1,905
fyre,917
fni,921
embedded-dal,922
hyttp,925
shap,930
windowsx,935
kaste,936
pyon,938
tize,938
clai,943
xc,947
libn,949
libq,957
struf,959
pdo3,962
vyper,964
slippy,967
hex_,968
strux,968
tunic,970
xcc,971
inom,971
golb,972
nomt,974
suid,975
tonik,977
hip,986
regix,992
chash,994
xix,996
tile,996
cfc,999
nyn,1001
chippy,1005
oc,1009
lyre,1010
sym,1011
homo,1012
rcsv,1013
urs,1013
sqlc,1014
ohash,1017
noo,1019
nup,1028
ycc,1029
chmake,1029
clob,1030
radon,1030
lap,1033
om,1035
drand,1036
power,1036
dirx,1037
mom,1040
syk,1041
heu,1042
nun,1043
duid,1043
hbx,1044
hexz,1044
webf-sys,1044
san,1046
levy,1054
pate,1055
fav,1059
fenv,1059
libz,1063
noz,1064
noam,1066
rano,1067
fng,1072
raid,1073
opensal,1074
trading,1075
urls,1075
minit,1076
dlob,1084
some,1085
mhttp,1087
and,1090
ayre,1096
mhrono,1098
ccap,1098
guuid,1098
gyre,1099
xurl,1102
qrl,1105
tyml,1106
wmemchr,1114
ccu,1116
cy,1120
xerde,1121
env,1123
nrm,1124
mtime,1135
zrand,1138
cca,1139
hype,1139
ionic,1143
name,1147
sttp,1149
timo,1150
ch,1155
httpx,1155
vip,1162
clipp,1166
mog,1167
htx,1175
hone,1177
thttp,1180
wini,1186
bites,1188
fog,1191
s2n,1193
bavy,1197
bvy,1198
nixy,1199
ghex,1200
towel,1204
fhex,1205
dcc,1206
freq,1207
dirt,1208
urt,1209
h4x,1215
drs,1218
gitk,1220
semver2,1221
uxid,1222
chex,1223
cic,1224
mphf,1226
txml,1233
cnc,1238
shas,1241
ccg,1249
dis,1250
raygon,1250
thex,1251
phash,1252
dirk,1253
inv,1254
chronos,1257
waste,1260
co,1262
nxm,1268
quuid,1275
cp,1279
prf,1280
mimes,1281
crap,1296
grand,1296
rustc-serialize2,1296
cx,1299
tomli,1299
cn,1306
ic,1307
logx,1309
yex,1313
homer,1313
homl,1320
mquote,1321
cev,1327
csh,1331
yc,1336
byre,1345
vc,1347
ghttp,1347
ahas,1349
nox,1350
nog,1351
airs,1354
nbindgen,1357
mcc,1357
ctap,1359
straum,1369
cnv,1370
he,1371
byter,1380
hey,1380
fum,1381
um,1383
hog,1385
wc,1393
hcc,1395
lime,1397
asum,1400
zix,1400
lbytes,1404
pc,1406
serde2,1411
ce,1424
topkio,1429
serdev,1431
zom,1434
numx,1434
lib2,1445
tuid,1456
mum,1457
dc,1466
csl,1469
zipx,1472
dotify,1477
iregex,1482
rom,1485
tome,1487
traits,1488
irs,1500
tim,1502
tom,1503
serdev_derive,1504
past,1505
zif,1513
nixv,1528
tombl,1528
sham,1529
libs,1538
tcc,1540
dars,1546
base64s,1553
rhex,1553
rustcrypto,1556
pasty,1557
gom,1573
bases64,1582
uc,1582
lol,1586
hope,1600
zhash,1603
wurl,1604
iex,1607
topic,1613
onix,1627
trime,1628
kserde,1651
hexa,1657
syf,1659
cce,1670
termcolors,1671
xbytes,1675
cla,1675
sex,1682
clipcpy,1691
fnum,1691
imago,1693
fc,1701
cuv,1702
ec,1704
jog,1740
tomb,1745
cldap,1755
potenv,1757
nio,1757
sqlo,1762
mex,1767
paster,1767
dxrs,1771
clac,1775
zzp,1778
uchrono,1795
glog,1797
regen,1799
ctime,1804
builder,1807
shr3,1809
timex,1816
csvr,1820
hyped,1820
d-rs,1828
ck,1833
tomq,1834
pest3_derive,1849
proc-macro3,1853
zyre,1871
cco,1883
lib3,1883
pyo2,1891
esre,1897
cum,1899
lo,1900
silx,1902
rouille-ng,1911
ccd,1916
ncc,1925
amp-serde,1926
lzip,1930
csq,1932
php,1933
tame,1933
gcob,1945
cortex-r,1950
rtoml,1959
acmake,1965
eimage,1973
base60,1982
dias,1987
bytex,1996
httpd,1999
cake,2012
c8,2024
qurl,2031
ci,2035
embedded,2035
thyper,2038
logd,2043
llog,2059
prop-test,2062
cog,2092
sqly,2098
urc,2103
nos,2104
fnr,2112
winipt,2121
nor,2129
hexi,2130
sip,2131
rum,2134
bevm,2138
zlog,2143
lig,2148
norm,2155
aquote,2158
yip,2201
toxic,2206
puid,2206
unum,2207
claw,2216
dirsh,2216
serve,2222
randm,2227
logg,2230
zoml,2238
pwf,2251
procmacro2,2256
nil,2258
czv,2259
tex,2259
hrx,2279
ix,2285
proc-macro0,2290
libr,2317
rhttp,2323
heme,2324
prand,2336
fermion,2339
og,2344
timey,2349
cg,2351
ccv,2353
noem,2358
dcrs,2363
bytez,2364
los,2374
http3,2378
mix,2381
rsyn,2409
lag,2423
noa,2424
flv,2457
raad,2475
hed,2497
hand,2499
csvc,2505
chap,2507
cmd,2519
timr,2528
shash,2531
dhash,2544
gurl,2563
prout,2566
syr,2567
phi,2569
hserde,2587
rapd,2594
furl,2595
xuid,2596
hypr,2605
phm,2632
libcw,2633
native,2643
rex,2650
dira,2668
fip,2671
dnum,2681
upl,2688
cu,2697
ryn,2699
quoted,2701
mc,2707
xdirs,2710
prosa,2713
ttp,2721
dlrs,2737
rinit,2737
spn,2739
kix,2748
pzip,2749
dimage,2750
base94,2753
vcc,2754
claps,2760
eitherq,2760
rann,2762
logz,2766
kimage,2776
nym,2776
fnum-derive,2789
strem,2790
turl,2817
htime,2821
c2,2832
flog,2866
quotes,2866
lyn,2866
clapi,2892
toykio,2910
licc,2949
cr,2955
tog,2965
durs,2966
pasta,2966
numtraits,2970
randu,2975
cj,2999
cliply,3001
chc,3027
psf,3027
c0sv,3048
wtime,3058
fnq,3066
futures2,3071
sin,3071
cm,3089
hep,3093
lower,3101
libic,3147
l0g,3155
uwuid,3155
cmap,3166
hypar,3167
clip,3168
ca,3174
sonic,3178
cc4,3188
tml,3197
dlog,3199
hptp,3223
convert,3231
etoml,3236
flap,3247
tlog,3266
strom,3271
lc,3284
randn,3288
lox,3291
vnv,3329
rurl,3342
dip,3346
cb,3357
clay,3374
burl,3383
zipp,3420
hext,3436
arl,3451
mimi,3459
typer,3466
shai,3498
udl,3514
acc,3538
relex,3540
rl,3543
grob,3551
cl,3618
nip,3635
nlog,3637
xmake,3638
time2,3669
psysinfo,3717
lrg,3742
strim,3745
phc,3762
zipng,3787
naom,3800
proot,3803
ptime,3803
wex,3807
bom,3815
anotify,3840
rusty-hash,3857
ctc,3860
klog,3867
tim2,3873
ucc,3877
httpc,3893
tie,3893
shah,3907
pef,3912
nue,3967
tip,3975
sync,3980
sinit,3991
c,4004
imge,4043
ccp,4051
bip,4087
chf,4095
wand,4109
num_cpu,4120
uhttp,4125
rang,4154
zim,4162
oom,4165
nomi,4184
prust,4199
paf,4227
ngx,4292
rost,4296
timi,4317
rdotenv,4318
oml,4344
uuid1,4403
quoty,4470
clp,4485
htpp,4515
cxc,4524
wginit,4539
logv,4552
serde1,4552
hom,4562
gotify,4564
verde,4620
iirs,4652
dsrs,4656
usl,4669
serde_bson,4680
init,4689
qc,4701
hexy,4717
uix,4722
sqlxx,4740
rando,4744
ruuid,4750
szip,4762
hc,4810
http1,4821
rnotify,4873
npm,4903
clc,4918
unid,4925
quick,4951
todl,4968
bytey,4994
fuid,5029
alum,5062
auid,5076
pho,5112
qog,5165
reglex,5186
thash,5198
uil,5199
jsc-sys,5215
sever,5243
khash,5275
h2x,5343
ct,5367
c4,5384
rome,5408
getopt3,5423
elog,5440
rix,5458
cs,5459
logo,5529
schemas,5536
rsv,5542
mage,5556
clap2,5571
no,5642
serde_kson,5651
tls,5672
fhash,5687
xreq,5708
dog,5717
gzip,5755
timg,5765
cmaze,5788
fn,5803
lg,5851
image4,5872
base24,5965
gob,5981
dims,5994
colorid,5995
logi,6025
ahsah,6064
gitm,6071
numf,6086
mlog,6214
jex,6248
fev,6280
crl,6285
hen,6308
toio,6365
baze64,6377
nv,6434
bingen,6456
rans,6493
gregex,6511
ulog,6513
omake,6574
lic,6597
merde_yaml,6657
pyre,6689
mhash,6703
durl,6724
loe,6737
structout,6761
jlog,6772
pf,6778
tbytes,6802
regexm,6827
ecc,6844
globe,6862
epaste,6882
fnd,6885
bcsv,6902
eom,6909
jimage,6917
fix,6948
serde_taml,7055
att,7063
fns,7086
nif,7106
jcc,7115
dfrs,7269
lex,7283
serie,7305
pirs,7311
jtracing,7349
spyn,7377
static,7422
euid,7454
sand,7478
zc,7571
pff,7626
htt,7670
kurl,7681
tsv,7687
sn,7687
rlog,7703
dors,7704
colorer,7787
winio,7802
whome,8007
hew,8048
wyre,8057
hexe,8058
ucl,8234
cv,8264
eye,8272
loa,8277
j9-sys,8323
frand,8367
clam,8530
nib,8603
upid,8669
pgetopts,8684
lum,8772
csc,8802
tokyo,8808
emver,8813
etime,8827
randy,8847
pbf,8892
srand,8907
omage,8986
logr,9011
noc,9046
zips,9162
shf,9360
cyper,9541
oreq,9637
pyn,9706
http2,9732
cortex,9751
serum,9759
bex,9801
cw,9833
csp,9850
nx,9935
nof,9952
rany,9969
hum,10071
csr,10085
cf,10094
muid,10139
dircs,10162
fcc,10169
gmime,10247
dotent,10336
ul,10347
util,10397
som,10433
libw,10547
nod,10735
wcc,10759
digs,10910
window,10971
ndm,10996
cgc,11219
cov,11279
cdc,11307
rcc,11416
wsv,11433
znotify,11448
nol,11493
float,11640
notif,11733
hf,12031
rhyper,12113
chron,12242
fhttp,12283
tool,12392
htp,12465
zia,12555
iracing,12628
nid,12667
imager,12728
urid,12979
rana,13033
nut,13036
future,13272
cex,13283
proc,13362
jnv,13389
ur,13476
rad,13561
esyn,13798
tty,13841
pime,13975
rog,14100
ireq,14199
based64,14500
ysv,14529
heh,14610
nuuid,14644
kex,14758
quote2,15041
cqc,15186
xrl,15223
lazy,15254
qute,15324
dcsv,15407
nurl,15610
zi,15833
csvx,15847
toner,15959
dir,15965
phd,16014
rzip,16061
regexp,16153
toql,16294
quoth,16373
dum,16597
myn,16727
metadata,16754
plog,16844
kc,16875
xor,16986
rtime,17034
simple,17204
leg,17265
treq,17298
sql,17442
uri,17485
merde,17669
gex,17769
pros,17820
prose,17835
c3,17837
hexo,17853
cell,18011
literal,18070
bc,18299
taml,18432
imaged,18498
cmc,18506
hx,18610
log2,18971
sv,19001
rimage,19086
prosto,19449
dex,19622
nyx,19921
htop,20207
logq,20207
imag,20234
merde_json,20457
times,20655
ilog,20670
tmpdir,20741
shad3,21317
ctv,21548
gog,21690
lok,22085
nex,22124
request,22201
loge,22234
diss,22530
xlog,22678
osv,23253
xhash,23534
serde_jsonc,24006
crayon,24372
jhash,24373
maplit2,24435
byte-order,24789
serdo,24917
udigest,25393
alog,25624
eyra,26187
dire,26281
async-stm,26806
tmpfile,27444
liba,27595
sqlb,28133
httpz,29246
flate3,29950
m,30528
rant,31183
yaml,31468
rmake,31639
hyper2,31674
cfg,31796
hash,32471
lip,33036
jl-sys,33410
clog,33419
loga,33590
pex,34278
loc,34395
nums,34765
logs,34958
stn,35788
derive,35988
unix,37343
once,37918
wither,38071
cpc,41940
rbase64,42011
bencode,43182
vex,44036
rc,45030
hypers,47329
hexx,47734
droptest,48279
fnm,50670
https,51044
getopt,52233
guid,53486
dirs2,53823
yn,58689
git,58987
squote,60295
xfailure,62377
ordered,62581
timed,65008
lhash,66344
ran,66475
assertions,66580
tomlq,69087
ex,69212
ohttp,72082
simple-log,76453
chttp,79327
hurl,92766
uid,93888
dotenvs,98470
sc,100094
criterion2,101045
tdigest,103791
vlog,105358
ccl,106948
image2,110008
trybuild2,116648
hexf,117404
tokio-utils,117446
sun,119350
bhttp,126457
clamp,132054
serde_yaml2,132446
nc,134317
hypher,136895
boml,138969
byte,139294
url2,141056
jnix,142266
sha,142677
qsv,152197
httm,159658
lib0,164472
serde_json5,186292
uuid7,190571
bcc,198512
mise,201951
cap,202641
logger,202943
purl,205490
ibc,206062
bincode2,207352
cortex-a,232718
gc,237259
cd,247409
version,260812
vrl,278161
coap,283100
xml,285687
pdf,285968
urn,301348
embedded-nal,301881
ph,314132
nu,316045
uguid,320880
nbytes,332240
winrt,349394
qlog,433273
ihex,490411
webm-sys,498482
cuid,505005
temp-file,517502
rlibc,540001
crypto,557171
utime,626232
error,687656
ehttp,740057
str0m,799670
serde_yml,831655
zipf,949453
manyhow,967918
openssh,1083528
uwl,1181455
nom-derive,1471094
com,1547751
pom,1603256
tide,1913371
gloo,2322580
pix,2365841
now,2379381
hyperx,2510986
chacha,2604212
temp-dir,2676304
base62,2727838
timer,2970233
case,2976175
ccm,3118874
uom,3364395
syd,3588212
nom8,3992648
nuid,4055509
cargo,4506343
ulid,5451825
pretty,7210264
scc,8148818
gix,8209266
glib,11868234
sys-info,12854472
termios,13871241
cbc,14905659
json,16038248
gcc,16185080
slog,21632782
curl,24887952
rend,29544497
dotenvy,31988478
rmp,36604218
cbindgen,40853222
inotify,40965374
ghash,46514298
crossbeam,48469568
sha3,55386512
crc,61907971
tungstenite,76229771
num,85532586
sha-1,96029759
pest,102457365
libm,111399683
bindgen,112126721
tower,124592433
sha1,134709026
wasm-bindgen,138164518
mime,195062641
hex,197822929
tracing,243680799
futures,243818635
sha2,251295515
http,260110810
tokio,276681830
bytes,307877488
time,330792444
rand,451327552
serde,460306794
